"variable","level","logHR","HR","se","n","low","up","pval","study"
"Age","variable<40",-1.42590908399189,0.240289920166566,0.393783074325792,152,0.102601668231809,0.48496050936719,1.59364122228611e-05,"IDH wilde-type"
"Sex","variableMale",0.0295847831463093,1.03002676067954,0.257532722808117,152,0.627916935553403,1.71868000489381,0.90773422330583,"IDH wilde-type"
"Grade","variableLow",-2.77534720149878,0.0623278326155634,0.835026003616427,152,0.00705971740817875,0.228886282514858,4.8866497515121e-08,"IDH wilde-type"
"Histo","variableNon-GBM",-1.99145548862109,0.136496611530026,0.452556585081936,152,0.0500634158425451,0.300927274858972,1.038213381932e-08,"IDH wilde-type"
"MGMT","variableU",0.729931463411256,2.07493839360139,0.310495119254561,152,1.15782627441316,3.89205653869168,0.0136526662586136,"IDH wilde-type"
"MGMT","variableUnknown",-0.146199015603833,0.86398573942984,0.370297994670878,152,0.417263554478559,1.7785758675049,0.689424708164789,"IDH wilde-type"
"ECOG","variableECOG 2–3",1.05602749690788,2.87492761605461,0.323814757676653,152,1.46756620939518,5.22527962093289,0.00307982768770632,"IDH wilde-type"
"Resection","variableBiopsy",0.698963824015357,2.01166718594624,0.26652884263572,152,1.18695868078036,3.35267579570064,0.0100600265511508,"IDH wilde-type"
"Resection","variableTotal",-1.42555333179977,0.240375419039714,0.567338880157161,152,0.0653776817810591,0.629979988972482,0.00208053773682904,"IDH wilde-type"
